dataset,version,avg_tokens,avg_words,avg_chars,avg_lex_div,avg_readab
Image,Original,3.8246,2.9238,19.663,0.9994666666666666,36.72308271428574
Image,Improved,21.8643,14.6824,100.1269,0.9928377423715774,29.08454368002742
Chat,Original,3.9975,2.7938,17.6402,1.0,36.80826100000002
Chat,Improved,21.5616,14.5389,98.0862,0.9927084280554327,28.669424002636703
